Fri Oct 7 13:57:26 PDT 2016
Wed Oct 12 10:10:21 PDT 2016
Wed Oct 12 10:31:44 PDT 2016
Wed Oct 12 12:20:28 PDT 2016
Tue Oct 18 11:51:20 PDT 2016
Tue Oct 18 12:28:00 PDT 2016
Tue Oct 18 13:50:42 PDT 2016
Tue Oct 18 13:57:25 PDT 2016
Tue Oct 18 14:01:12 PDT 2016
Tue Oct 18 15:47:15 PDT 2016
Wed Oct 19 13:41:18 PDT 2016
Wed Oct 19 14:37:59 PDT 2016
Thu Oct 20 16:34:28 PDT 2016
Mon Oct 24 11:35:10 PDT 2016
Mon Oct 24 12:35:29 PDT 2016
Mon Oct 24 16:08:36 PDT 2016
Mon Oct 24 16:19:30 PDT 2016
Thu Oct 27 15:30:03 PDT 2016
Thu Oct 27 16:16:36 PDT 2016
Fri Oct 28 11:51:45 PDT 2016
Fri Oct 28 13:52:43 PDT 2016
Fri Oct 28 15:48:27 PDT 2016
Mon Oct 31 09:55:16 PDT 2016
Mon Oct 31 10:24:51 PDT 2016
Mon Oct 31 10:26:46 PDT 2016
Mon Oct 31 10:35:32 PDT 2016
Mon Oct 31 11:20:57 PDT 2016
Mon Oct 31 12:39:20 PDT 2016
Mon Oct 31 13:00:17 PDT 2016
Mon Oct 31 14:54:36 PDT 2016
Mon Oct 31 14:54:43 PDT 2016
